LCB_Position,Prismatic_Coefficient,Length_Displacement_Ratio,Beam_Draught_Ratio,Length_Beam_Ratio,Froude_Number,Residuary_Resistance_per_Displacement
-2.3,0.568,4.78,3.99,3.17,0.125,0.11
-2.3,0.568,4.78,3.99,3.17,0.15,0.27
-2.3,0.568,4.78,3.99,3.17,0.175,0.47
-2.3,0.568,4.78,3.99,3.17,0.2,0.78
-2.3,0.568,4.78,3.99,3.17,0.225,1.18
-2.3,0.568,4.78,3.99,3.17,0.25,1.82
-2.3,0.568,4.78,3.99,3.17,0.275,2.61
-2.3,0.568,4.78,3.99,3.17,0.3,3.76
-2.3,0.568,4.78,3.99,3.17,0.325,4.99
-2.3,0.568,4.78,3.99,3.17,0.35,7.16
-2.3,0.568,4.78,3.99,3.17,0.375,11.93
-2.3,0.568,4.78,3.99,3.17,0.4,20.11
-2.3,0.568,4.78,3.99,3.17,0.425,32.75
-2.3,0.568,4.78,3.99,3.17,0.45,49.49
